{"defaultInputSound":"{0.0.1.00000000}.{436289fc-c32c-4939-84f1-bc28b42f5ec2}","defaultOutputSound":"{0.0.0.00000000}.{2a6fd552-c61b-40dc-a079-d8fa2b0364d4}","defaultSoundPort":8688,"defaultEventPort":8788,"defaultFilePort":8588,"defualtTcpPort":8888,"_isAcceptable":true,"_isTryingConnect":true,"serializableClients":["192.0.0.1:5778"]}